Collection ID,Collection Name,Case Name,Link
5697,Strip Search Cases,Pitney v. City of Chester,https://clearinghouse.net/api/v2/documents/?case=17571
5697,Strip Search Cases,Henry v. Hulett,https://clearinghouse.net/api/v2/documents/?case=17539
5697,Strip Search Cases,Washington v. City of New York,https://clearinghouse.net/api/v2/documents/?case=17201
5697,Strip Search Cases,Dillon v. Clackamas County,https://clearinghouse.net/api/v2/documents/?case=16827
5697,Strip Search Cases,Logory v. County of Susquehanna,https://clearinghouse.net/api/v2/documents/?case=16822
5697,Strip Search Cases,Jones v. Gov't of D.C.,https://clearinghouse.net/api/v2/documents/?case=16200
5697,Strip Search Cases,Gentry v. Floyd County,https://clearinghouse.net/api/v2/documents/?case=16016
5697,Strip Search Cases,J.J. v. Litscher,https://clearinghouse.net/api/v2/documents/?case=15931
5697,Strip Search Cases,Horse v. District of Columbia,https://clearinghouse.net/api/v2/documents/?case=15930
5697,Strip Search Cases,Salem v. Michigan Department of Corrections,https://clearinghouse.net/api/v2/documents/?case=15202
5697,Strip Search Cases,Amador v. Baca,https://clearinghouse.net/api/v2/documents/?case=14457
5697,Strip Search Cases,Ross v. Gossett,https://clearinghouse.net/api/v2/documents/?case=14417
5697,Strip Search Cases,Baggett v. Ashe,https://clearinghouse.net/api/v2/documents/?case=14054
5697,Strip Search Cases,Florence v. County of Burlington,https://clearinghouse.net/api/v2/documents/?case=11854
5697,Strip Search Cases,Byrd v. Maricopa County Sheriff's Department,https://clearinghouse.net/api/v2/documents/?case=11750
5697,Strip Search Cases,Thompson v. City of Flint,https://clearinghouse.net/api/v2/documents/?case=11703
5697,Strip Search Cases,Garcia v. Santa Cruz County,https://clearinghouse.net/api/v2/documents/?case=11435
5697,Strip Search Cases,"Reynolds v. County of Dauphin, PA",https://clearinghouse.net/api/v2/documents/?case=11418
5697,Strip Search Cases,Harper v. Sheriff of Cook County,https://clearinghouse.net/api/v2/documents/?case=11365
5697,Strip Search Cases,Cantley v. The West Virginia Regional Jail and Correctional Facility Authority,https://clearinghouse.net/api/v2/documents/?case=11358
5697,Strip Search Cases,Lopez v. Youngblood,https://clearinghouse.net/api/v2/documents/?case=11310
5697,Strip Search Cases,Bradshaw v. McLennan County,https://clearinghouse.net/api/v2/documents/?case=11302
5697,Strip Search Cases,Torres v. Valencia County,https://clearinghouse.net/api/v2/documents/?case=11295
5697,Strip Search Cases,Foster v. City of Oakland,https://clearinghouse.net/api/v2/documents/?case=11294
5697,Strip Search Cases,Betancourt v. Giuliani,https://clearinghouse.net/api/v2/documents/?case=11253
5697,Strip Search Cases,Munyiri v. Haduch,https://clearinghouse.net/api/v2/documents/?case=11228
5697,Strip Search Cases,Rollins v. Clatsop County,https://clearinghouse.net/api/v2/documents/?case=11029
5697,Strip Search Cases,Hinds v. Multnomah County,https://clearinghouse.net/api/v2/documents/?case=11028
5697,Strip Search Cases,Smook v. Minehaha County,https://clearinghouse.net/api/v2/documents/?case=10868
5697,Strip Search Cases,Wood v. Clemons,https://clearinghouse.net/api/v2/documents/?case=10689
5697,Strip Search Cases,Garcia v. Ocean County,https://clearinghouse.net/api/v2/documents/?case=10616
5697,Strip Search Cases,Kurian v. County of Lancaster,https://clearinghouse.net/api/v2/documents/?case=10615
5697,Strip Search Cases,"Allison v. the Geo Group, Inc.",https://clearinghouse.net/api/v2/documents/?case=10614
5697,Strip Search Cases,Mann v. Donald,https://clearinghouse.net/api/v2/documents/?case=10586
5697,Strip Search Cases,Galloway v. Delgado,https://clearinghouse.net/api/v2/documents/?case=10558
5697,Strip Search Cases,Jackson v. County of Bexar,https://clearinghouse.net/api/v2/documents/?case=10555
5697,Strip Search Cases,Bruscino v. Carlson,https://clearinghouse.net/api/v2/documents/?case=10554
5697,Strip Search Cases,Bono v. Saxbe,https://clearinghouse.net/api/v2/documents/?case=10553
5697,Strip Search Cases,Moya v. City of Albuquerque,https://clearinghouse.net/api/v2/documents/?case=10530
5697,Strip Search Cases,N.G. v. Connecticut,https://clearinghouse.net/api/v2/documents/?case=10518
5697,Strip Search Cases,Bullock v. Sheahan,https://clearinghouse.net/api/v2/documents/?case=10517
5697,Strip Search Cases,Freeman v. Berge,https://clearinghouse.net/api/v2/documents/?case=10378
5697,Strip Search Cases,"Sutton v. Hopkins County, KY",https://clearinghouse.net/api/v2/documents/?case=10268
5697,Strip Search Cases,Martinez v. Tully,https://clearinghouse.net/api/v2/documents/?case=10264
5697,Strip Search Cases,Elliott v. Strafford County,https://clearinghouse.net/api/v2/documents/?case=10260
5697,Strip Search Cases,Kidd v. Gowen,https://clearinghouse.net/api/v2/documents/?case=10259
5697,Strip Search Cases,Taggart v. Solano County,https://clearinghouse.net/api/v2/documents/?case=10258
5697,Strip Search Cases,Robinson v. Sacramento County,https://clearinghouse.net/api/v2/documents/?case=10257
5697,Strip Search Cases,Moyle v. Contra Costa County,https://clearinghouse.net/api/v2/documents/?case=10256
5697,Strip Search Cases,Rodriguez v. Dona Ana County,https://clearinghouse.net/api/v2/documents/?case=10255
5697,Strip Search Cases,Williams v. Kaufman County,https://clearinghouse.net/api/v2/documents/?case=10254
5697,Strip Search Cases,Suon v. County of Alameda,https://clearinghouse.net/api/v2/documents/?case=10251
5697,Strip Search Cases,Kozlowski v. Sacramento County,https://clearinghouse.net/api/v2/documents/?case=10249
5697,Strip Search Cases,Riley v. Los Angeles County,https://clearinghouse.net/api/v2/documents/?case=10246
5697,Strip Search Cases,Gamino v. Ventura County,https://clearinghouse.net/api/v2/documents/?case=10165
5697,Strip Search Cases,Beaudoin v. County of Los Angeles,https://clearinghouse.net/api/v2/documents/?case=10083
5697,Strip Search Cases,Wells v. City of Seattle,https://clearinghouse.net/api/v2/documents/?case=10035
5697,Strip Search Cases,Graff v. County of Salem,https://clearinghouse.net/api/v2/documents/?case=10033
5697,Strip Search Cases,DeMier v. Gondles,https://clearinghouse.net/api/v2/documents/?case=10032
5697,Strip Search Cases,Amaechi v. West,https://clearinghouse.net/api/v2/documents/?case=10031
5697,Strip Search Cases,DiMattesa v. Davies,https://clearinghouse.net/api/v2/documents/?case=10026
5697,Strip Search Cases,Draper v. Walsh,https://clearinghouse.net/api/v2/documents/?case=10024
5697,Strip Search Cases,Sala v. County of Suffolk,https://clearinghouse.net/api/v2/documents/?case=10023
5697,Strip Search Cases,Pritchard v. County of Erie,https://clearinghouse.net/api/v2/documents/?case=10022
5697,Strip Search Cases,Kelleher v. New York State Trooper Fearon,https://clearinghouse.net/api/v2/documents/?case=10021
5697,Strip Search Cases,Allison v. Lincoln County,https://clearinghouse.net/api/v2/documents/?case=10019
5697,Strip Search Cases,Suggs v. County of Cumberland,https://clearinghouse.net/api/v2/documents/?case=10018
5697,Strip Search Cases,Roderique v. Kovac,https://clearinghouse.net/api/v2/documents/?case=10017
5697,Strip Search Cases,Jones v. Morris County Correctional Facility,https://clearinghouse.net/api/v2/documents/?case=10015
5697,Strip Search Cases,Ernst v. Borough of Fort Lee,https://clearinghouse.net/api/v2/documents/?case=10014
5697,Strip Search Cases,Boisselle v. County of Mercer,https://clearinghouse.net/api/v2/documents/?case=10011
5697,Strip Search Cases,"Smith v. Dawson County, NE",https://clearinghouse.net/api/v2/documents/?case=10010
5697,Strip Search Cases,Kathriner v. City of Overland,https://clearinghouse.net/api/v2/documents/?case=10009
5697,Strip Search Cases,John Does 1-100 v. Ninneman,https://clearinghouse.net/api/v2/documents/?case=10008
5697,Strip Search Cases,Jane Does 1-100 v. Omodt,https://clearinghouse.net/api/v2/documents/?case=10007
5697,Strip Search Cases,Miller v. Kennebec County,https://clearinghouse.net/api/v2/documents/?case=10006
5697,Strip Search Cases,Levinson-Roth v. Parries,https://clearinghouse.net/api/v2/documents/?case=10005
5697,Strip Search Cases,Abshire v. Walls,https://clearinghouse.net/api/v2/documents/?case=10004
5697,Strip Search Cases,DeToledo v. County of Suffolk,https://clearinghouse.net/api/v2/documents/?case=10002
5697,Strip Search Cases,"Wilson v. Franklin County, KY",https://clearinghouse.net/api/v2/documents/?case=10001
5697,Strip Search Cases,"Black v. Franklin County, KY",https://clearinghouse.net/api/v2/documents/?case=10000
5697,Strip Search Cases,Cruz v. Finney County,https://clearinghouse.net/api/v2/documents/?case=9999
5697,Strip Search Cases,Allen v. Wyandotte County Board of Commissioners,https://clearinghouse.net/api/v2/documents/?case=9998
5697,Strip Search Cases,Noon v. Sailor,https://clearinghouse.net/api/v2/documents/?case=9996
5697,Strip Search Cases,"Jane Roe v. Town of Highland, IN",https://clearinghouse.net/api/v2/documents/?case=9995
5697,Strip Search Cases,"Bovey v. City of Lafayette, Ind.",https://clearinghouse.net/api/v2/documents/?case=9992
5697,Strip Search Cases,Thompson v. Cook County,https://clearinghouse.net/api/v2/documents/?case=9987
5697,Strip Search Cases,Susan B. v. City of Chicago,https://clearinghouse.net/api/v2/documents/?case=9986
5697,Strip Search Cases,Simenc v. Sheriff of DuPage County,https://clearinghouse.net/api/v2/documents/?case=9984
5697,Strip Search Cases,Roscom v. City of Chicago,https://clearinghouse.net/api/v2/documents/?case=9983
5697,Strip Search Cases,Raymundo v. Winnebago County,https://clearinghouse.net/api/v2/documents/?case=9980
5697,Strip Search Cases,People v. Seymour,https://clearinghouse.net/api/v2/documents/?case=9979
5697,Strip Search Cases,Newell v. City of Elgin,https://clearinghouse.net/api/v2/documents/?case=9978
5697,Strip Search Cases,Kraushaar v. Flanigan,https://clearinghouse.net/api/v2/documents/?case=9975
5697,Strip Search Cases,Klein v. Lundmark,https://clearinghouse.net/api/v2/documents/?case=9974
5697,Strip Search Cases,Joan W. v. City of Chicago,https://clearinghouse.net/api/v2/documents/?case=9973
5697,Strip Search Cases,Doe v. Hunt,https://clearinghouse.net/api/v2/documents/?case=9972
5697,Strip Search Cases,Iskander v. Village of Forest Park,https://clearinghouse.net/api/v2/documents/?case=9971
5697,Strip Search Cases,Hoffman v. City of Chicago,https://clearinghouse.net/api/v2/documents/?case=9970
5697,Strip Search Cases,Dahm v. City of Rock Island,https://clearinghouse.net/api/v2/documents/?case=9969
5697,Strip Search Cases,Branch v. City of Bellwood,https://clearinghouse.net/api/v2/documents/?case=9968
5697,Strip Search Cases,Welch v. Rice,https://clearinghouse.net/api/v2/documents/?case=9963
5697,Strip Search Cases,Rankin v. Colman,https://clearinghouse.net/api/v2/documents/?case=9961
5697,Strip Search Cases,Cuesta v. School Board of Miami Dade County,https://clearinghouse.net/api/v2/documents/?case=9960
5697,Strip Search Cases,Helton v. United States,https://clearinghouse.net/api/v2/documents/?case=9959
5697,Strip Search Cases,Yourke v. City & County of San Francisco,https://clearinghouse.net/api/v2/documents/?case=9958
5697,Strip Search Cases,Tungwarara v. United States,https://clearinghouse.net/api/v2/documents/?case=9957
5697,Strip Search Cases,Streit v. County of Los Angeles,https://clearinghouse.net/api/v2/documents/?case=9954
5697,Strip Search Cases,Craft v. County of San Bernardino,https://clearinghouse.net/api/v2/documents/?case=9951
5697,Strip Search Cases,Bull v. County of Sacramento,https://clearinghouse.net/api/v2/documents/?case=9950
5697,Strip Search Cases,Barnett v. County of Contra Costa,https://clearinghouse.net/api/v2/documents/?case=9949
5697,Strip Search Cases,Creamer v. Raffety,https://clearinghouse.net/api/v2/documents/?case=9948
5697,Strip Search Cases,Maneely v. City of Newburgh,https://clearinghouse.net/api/v2/documents/?case=9945
5697,Strip Search Cases,Kahler v. Rensselaer County,https://clearinghouse.net/api/v2/documents/?case=9944
5697,Strip Search Cases,Moser v. Anderson,https://clearinghouse.net/api/v2/documents/?case=9943
5697,Strip Search Cases,Doan v. Watson,https://clearinghouse.net/api/v2/documents/?case=9942
5697,Strip Search Cases,Schneider v. City and County of San Francisco,https://clearinghouse.net/api/v2/documents/?case=9899
5697,Strip Search Cases,Dare v. Knox County,https://clearinghouse.net/api/v2/documents/?case=9894
5697,Strip Search Cases,Iaffaldano v. Nassau County,https://clearinghouse.net/api/v2/documents/?case=9893
5697,Strip Search Cases,Garvey v. MacDonald,https://clearinghouse.net/api/v2/documents/?case=9890
5697,Strip Search Cases,Wood v. Clemons,https://clearinghouse.net/api/v2/documents/?case=9872
5697,Strip Search Cases,Wilson v. Jones,https://clearinghouse.net/api/v2/documents/?case=9871
5697,Strip Search Cases,Weber v. Dell,https://clearinghouse.net/api/v2/documents/?case=9870
5697,Strip Search Cases,Way v. Ventura County,https://clearinghouse.net/api/v2/documents/?case=9869
5697,Strip Search Cases,Watt v. City of Richardson Police Department,https://clearinghouse.net/api/v2/documents/?case=9868
5697,Strip Search Cases,Ward v. San Diego County,https://clearinghouse.net/api/v2/documents/?case=9867
5697,Strip Search Cases,Walsh v. Franco,https://clearinghouse.net/api/v2/documents/?case=9866
5697,Strip Search Cases,Wachtler v. County of Herkimer,https://clearinghouse.net/api/v2/documents/?case=9865
5697,Strip Search Cases,Varrone v. Bilotti,https://clearinghouse.net/api/v2/documents/?case=9863
5697,Strip Search Cases,Tinetti v. Wittke,https://clearinghouse.net/api/v2/documents/?case=9860
5697,Strip Search Cases,Tikalski v. City of Chicago,https://clearinghouse.net/api/v2/documents/?case=9859
5697,Strip Search Cases,"Swart v. Scott County, Minnesota",https://clearinghouse.net/api/v2/documents/?case=9857
5697,Strip Search Cases,Swain v. Spinney,https://clearinghouse.net/api/v2/documents/?case=9854
5697,Strip Search Cases,"Stewart v. Lubbock County, Texas",https://clearinghouse.net/api/v2/documents/?case=9852
5697,Strip Search Cases,Stanley v. Henson,https://clearinghouse.net/api/v2/documents/?case=9850
5697,Strip Search Cases,Smith v. Montgomery County,https://clearinghouse.net/api/v2/documents/?case=9849
5697,Strip Search Cases,Skurstenis v. Jones,https://clearinghouse.net/api/v2/documents/?case=9847
5697,Strip Search Cases,Savard v. Rhode Island,https://clearinghouse.net/api/v2/documents/?case=9845
5697,Strip Search Cases,Richerson v. Fayette County,https://clearinghouse.net/api/v2/documents/?case=9844
5697,Strip Search Cases,Roberts v. State of Rhode Island,https://clearinghouse.net/api/v2/documents/?case=9842
5697,Strip Search Cases,Newkirk v. Sheers,https://clearinghouse.net/api/v2/documents/?case=9840
5697,Strip Search Cases,Murcia v. Orange County,https://clearinghouse.net/api/v2/documents/?case=9839
5697,Strip Search Cases,Masters v. Crouch,https://clearinghouse.net/api/v2/documents/?case=9837
5697,Strip Search Cases,Mason v. Village of Babylon,https://clearinghouse.net/api/v2/documents/?case=9836
5697,Strip Search Cases,Jane Does v. City of Chicago,https://clearinghouse.net/api/v2/documents/?case=9835
5697,Strip Search Cases,Logan v. Shealy,https://clearinghouse.net/api/v2/documents/?case=9834
5697,Strip Search Cases,Levka v. City of Chicago,https://clearinghouse.net/api/v2/documents/?case=9833
5697,Strip Search Cases,Kennedy v. LAPD,https://clearinghouse.net/api/v2/documents/?case=9832
5697,Strip Search Cases,Kaufman v. Rivera,https://clearinghouse.net/api/v2/documents/?case=9831
5697,Strip Search Cases,Justice v. City of Peachtree,https://clearinghouse.net/api/v2/documents/?case=9830
5697,Strip Search Cases,Jones v. Edwards,https://clearinghouse.net/api/v2/documents/?case=9829
5697,Strip Search Cases,"Hunt v. Polk County, Iowa",https://clearinghouse.net/api/v2/documents/?case=9828
5697,Strip Search Cases,Holton v. Mohon,https://clearinghouse.net/api/v2/documents/?case=9827
5697,Strip Search Cases,Hill v. Bogans,https://clearinghouse.net/api/v2/documents/?case=9826
5697,Strip Search Cases,Hicks v. Moore,https://clearinghouse.net/api/v2/documents/?case=9825
5697,Strip Search Cases,Gonzalez v. City of Schenectady,https://clearinghouse.net/api/v2/documents/?case=9824
5697,Strip Search Cases,Giles v. Ackerman,https://clearinghouse.net/api/v2/documents/?case=9822
5697,Strip Search Cases,Fuller v. M.G. Jewelry,https://clearinghouse.net/api/v2/documents/?case=9820
5697,Strip Search Cases,Dodge v. Orange County,https://clearinghouse.net/api/v2/documents/?case=9816
5697,Strip Search Cases,"Dobrowolskyj v. Jefferson County, Kentucky",https://clearinghouse.net/api/v2/documents/?case=9815
5697,Strip Search Cases,Ciraolo v. City of New York,https://clearinghouse.net/api/v2/documents/?case=9814
5697,Strip Search Cases,Chapman v. Nichols,https://clearinghouse.net/api/v2/documents/?case=9813
5697,Strip Search Cases,Arruda v. Fair,https://clearinghouse.net/api/v2/documents/?case=9812
5697,Strip Search Cases,Young v. County of Cook,https://clearinghouse.net/api/v2/documents/?case=9811
5697,Strip Search Cases,Wood v. Hancock County,https://clearinghouse.net/api/v2/documents/?case=9808
5697,Strip Search Cases,Wilson v. County of Gloucester,https://clearinghouse.net/api/v2/documents/?case=9801
5697,Strip Search Cases,McBean v. City of New York,https://clearinghouse.net/api/v2/documents/?case=9784
5697,Strip Search Cases,"Brecher v. St. Croix County, Wisconsin",https://clearinghouse.net/api/v2/documents/?case=9768
5697,Strip Search Cases,Williams v. Niagara County,https://clearinghouse.net/api/v2/documents/?case=9756
5697,Strip Search Cases,Wilkes v. Sheahan,https://clearinghouse.net/api/v2/documents/?case=9745
5697,Strip Search Cases,Tyson v. City of New York,https://clearinghouse.net/api/v2/documents/?case=9744
5697,Strip Search Cases,Todd v. Solano County,https://clearinghouse.net/api/v2/documents/?case=9743
5697,Strip Search Cases,Spinner v. City of New York,https://clearinghouse.net/api/v2/documents/?case=9741
5697,Strip Search Cases,Spellman v. Humboldt County,https://clearinghouse.net/api/v2/documents/?case=9740
5697,Strip Search Cases,Schaffer v. Alameda County,https://clearinghouse.net/api/v2/documents/?case=9739
5697,Strip Search Cases,Sanchez v. Placer County,https://clearinghouse.net/api/v2/documents/?case=9738
5697,Strip Search Cases,Ryan v. Garvey,https://clearinghouse.net/api/v2/documents/?case=9737
5697,Strip Search Cases,Rose v. Saginaw County,https://clearinghouse.net/api/v2/documents/?case=9736
5697,Strip Search Cases,Regan v. Salt Lake County,https://clearinghouse.net/api/v2/documents/?case=9719
5697,Strip Search Cases,Powell v. Barrett,https://clearinghouse.net/api/v2/documents/?case=9718
5697,Strip Search Cases,Plemmons v. Pierce County,https://clearinghouse.net/api/v2/documents/?case=9717
5697,Strip Search Cases,Parilla v. Eslinger,https://clearinghouse.net/api/v2/documents/?case=9716
5697,Strip Search Cases,Mack v. Suffolk County,https://clearinghouse.net/api/v2/documents/?case=9664
5697,Strip Search Cases,Hydrick v. Wilson,https://clearinghouse.net/api/v2/documents/?case=9628
5697,Strip Search Cases,O'Day v. Nassau County,https://clearinghouse.net/api/v2/documents/?case=9622
5697,Strip Search Cases,Nilsen v. York County,https://clearinghouse.net/api/v2/documents/?case=9621
5697,Strip Search Cases,Maryland NAACP v. Baltimore City Police Department,https://clearinghouse.net/api/v2/documents/?case=9620
5697,Strip Search Cases,Mumpower v. Shelby County,https://clearinghouse.net/api/v2/documents/?case=9619
5697,Strip Search Cases,Mitchell v. Clinton County,https://clearinghouse.net/api/v2/documents/?case=9617
5697,Strip Search Cases,McDaniel v. Schenectady County,https://clearinghouse.net/api/v2/documents/?case=9616
5697,Strip Search Cases,Marriott v. Montgomery County,https://clearinghouse.net/api/v2/documents/?case=9615
5697,Strip Search Cases,McGill v. Lee County,https://clearinghouse.net/api/v2/documents/?case=9614
5697,Strip Search Cases,Lira v. Dona Ana County,https://clearinghouse.net/api/v2/documents/?case=9613
5697,Strip Search Cases,Leyba v. Santa Fe County,https://clearinghouse.net/api/v2/documents/?case=9612
5697,Strip Search Cases,"Kelsey v. Schoharie County, New York",https://clearinghouse.net/api/v2/documents/?case=9610
5697,Strip Search Cases,Jones v. Murphy,https://clearinghouse.net/api/v2/documents/?case=9609
5697,Strip Search Cases,Johnson v. District of Columbia,https://clearinghouse.net/api/v2/documents/?case=9608
5697,Strip Search Cases,"Hicks v. Camden County, New Jersey",https://clearinghouse.net/api/v2/documents/?case=9607
5697,Strip Search Cases,Haney v. Miami-Dade County,https://clearinghouse.net/api/v2/documents/?case=9605
5697,Strip Search Cases,Delandro v. County of Allegheny,https://clearinghouse.net/api/v2/documents/?case=9604
5697,Strip Search Cases,Butler v. Santa Cruz County,https://clearinghouse.net/api/v2/documents/?case=9603
5697,Strip Search Cases,"Boone v. Philadelphia, Pennsylvania",https://clearinghouse.net/api/v2/documents/?case=9602
5697,Strip Search Cases,Gary v. Sheahan,https://clearinghouse.net/api/v2/documents/?case=9601
5697,Strip Search Cases,"Gallagher v. San Mateo County, California",https://clearinghouse.net/api/v2/documents/?case=9600
5697,Strip Search Cases,Foreman v. Connecticut,https://clearinghouse.net/api/v2/documents/?case=9599
5697,Strip Search Cases,Connor v. Plymouth County,https://clearinghouse.net/api/v2/documents/?case=9598
5697,Strip Search Cases,"Flick v. San Francisco, California",https://clearinghouse.net/api/v2/documents/?case=9596
5697,Strip Search Cases,"Evans v. City of Zebulon, Georgia",https://clearinghouse.net/api/v2/documents/?case=9595
5697,Strip Search Cases,Musso v. County of Los Angeles,https://clearinghouse.net/api/v2/documents/?case=9568
5697,Strip Search Cases,"Chatoian v. Marin County, California",https://clearinghouse.net/api/v2/documents/?case=9558
5697,Strip Search Cases,Cazenave v. Foti,https://clearinghouse.net/api/v2/documents/?case=9557
5697,Strip Search Cases,"Calvin v. Sheriff of Will County, Illinois",https://clearinghouse.net/api/v2/documents/?case=9518
5697,Strip Search Cases,"Doe v. Calumet City, Illinois",https://clearinghouse.net/api/v2/documents/?case=9517
5697,Strip Search Cases,"Miracle v. Bullitt County, Kentucky",https://clearinghouse.net/api/v2/documents/?case=9516
5697,Strip Search Cases,Bame v. Clark,https://clearinghouse.net/api/v2/documents/?case=9515
5697,Strip Search Cases,Augustin v. Jablonsky,https://clearinghouse.net/api/v2/documents/?case=9514
5697,Strip Search Cases,S.H. v. Stickrath,https://clearinghouse.net/api/v2/documents/?case=9511
5697,Strip Search Cases,Barnes v. District of Columbia,https://clearinghouse.net/api/v2/documents/?case=9488
5697,Strip Search Cases,Farrell v. Harper,https://clearinghouse.net/api/v2/documents/?case=9466
5697,Strip Search Cases,Presley v. Epps,https://clearinghouse.net/api/v2/documents/?case=5556
5697,Strip Search Cases,Cruz v. Vasquez,https://clearinghouse.net/api/v2/documents/?case=5520
5697,Strip Search Cases,Bynum v. District of Columbia,https://clearinghouse.net/api/v2/documents/?case=5502
5697,Strip Search Cases,Clarence M. v. Yakima Co,https://clearinghouse.net/api/v2/documents/?case=396
5697,Strip Search Cases,Brown v. Hutto,https://clearinghouse.net/api/v2/documents/?case=969
5697,Strip Search Cases,Long v. Norris,https://clearinghouse.net/api/v2/documents/?case=955
5697,Strip Search Cases,Imprisoned Citizens Union v. Shapp,https://clearinghouse.net/api/v2/documents/?case=923
5697,Strip Search Cases,Hurley v. Coughlin,https://clearinghouse.net/api/v2/documents/?case=879
5697,Strip Search Cases,Frazier v. Ward,https://clearinghouse.net/api/v2/documents/?case=870
5697,Strip Search Cases,Braasch v. Gunter,https://clearinghouse.net/api/v2/documents/?case=814
5697,Strip Search Cases,In re: Texas Prison Litigation,https://clearinghouse.net/api/v2/documents/?case=786
5697,Strip Search Cases,Price v. Jefferson County,https://clearinghouse.net/api/v2/documents/?case=105
5697,Strip Search Cases,Santiago v. Philadelphia,https://clearinghouse.net/api/v2/documents/?case=377
5697,Strip Search Cases,Doe v. Holladay,https://clearinghouse.net/api/v2/documents/?case=352
5697,Strip Search Cases,H.C. v. Jarrard,https://clearinghouse.net/api/v2/documents/?case=315
5697,Strip Search Cases,Shain v. Ellison,https://clearinghouse.net/api/v2/documents/?case=210
5697,Strip Search Cases,Johnson v. O'Brien and Bullington v. Moreland,https://clearinghouse.net/api/v2/documents/?case=152
5697,Strip Search Cases,John Does 1-100 v. Boyd,https://clearinghouse.net/api/v2/documents/?case=142
5697,Strip Search Cases,Bull v. City and County of San Francisco,https://clearinghouse.net/api/v2/documents/?case=38
5697,Strip Search Cases,McDonald v. Franklin County,https://clearinghouse.net/api/v2/documents/?case=18218
5697,Strip Search Cases,Imani v. City of Baton Rouge,https://clearinghouse.net/api/v2/documents/?case=15983
5697,Strip Search Cases,Hardnett v. City of Baton Rouge-Parish of East Baton Rouge,https://clearinghouse.net/api/v2/documents/?case=44345
5697,Strip Search Cases,"McCormick v. Lawrence, Kansas",https://clearinghouse.net/api/v2/documents/?case=9838
5697,Strip Search Cases,Munday v. Beaufort County,https://clearinghouse.net/api/v2/documents/?case=46016
5697,Strip Search Cases,Pierce v. County of San Francisco,https://clearinghouse.net/api/v2/documents/?case=45867
5667,Strip Search Cases,"Marimuthu v. Signal International, LLC",https://clearinghouse.net/api/v2/documents/?case=14395
5667,Strip Search Cases,"Kambala v. Signal International, LLC",https://clearinghouse.net/api/v2/documents/?case=14393
5667,Strip Search Cases,"Meganathan v. Signal International, LLC",https://clearinghouse.net/api/v2/documents/?case=14391
5667,Strip Search Cases,"Joseph v. Signal International, LLC",https://clearinghouse.net/api/v2/documents/?case=14389
5667,Strip Search Cases,"Samuel v. Signal International, LLC",https://clearinghouse.net/api/v2/documents/?case=14387
5667,Strip Search Cases,"Singh v. Signal International, LLC",https://clearinghouse.net/api/v2/documents/?case=14386
5667,Strip Search Cases,"Krishnakutty v. Signal International, LLC",https://clearinghouse.net/api/v2/documents/?case=14383
5667,Strip Search Cases,"Chakkiyattil v. Signal International, LLC",https://clearinghouse.net/api/v2/documents/?case=14381
5667,Strip Search Cases,"Achari v. Signal International, LLC",https://clearinghouse.net/api/v2/documents/?case=14380
5667,Strip Search Cases,"Equal Employment Opportunity Commission v. Signal International, LLC",https://clearinghouse.net/api/v2/documents/?case=14378
5667,Strip Search Cases,"David v. Signal International, LLC",https://clearinghouse.net/api/v2/documents/?case=14377
5667,Strip Search Cases,"Devassy v. Signal International, LLC",https://clearinghouse.net/api/v2/documents/?case=14385
5674,Strip Search Cases,Women's Liberation Front v. U.S. Department of Justice,https://clearinghouse.net/api/v2/documents/?case=15477
5674,Strip Search Cases,W. v. Kenosha Unified School District No. 1 Board of Education,https://clearinghouse.net/api/v2/documents/?case=15438
5674,Strip Search Cases,Texas v. United States,https://clearinghouse.net/api/v2/documents/?case=15392
5674,Strip Search Cases,Berger v. United States Department of Justice,https://clearinghouse.net/api/v2/documents/?case=15381
5674,Strip Search Cases,North Carolinians for Privacy v. United States Department of Justice,https://clearinghouse.net/api/v2/documents/?case=15379
5674,Strip Search Cases,United States v. State of North Carolina,https://clearinghouse.net/api/v2/documents/?case=15345
5674,Strip Search Cases,McCrory v. United States,https://clearinghouse.net/api/v2/documents/?case=15316
5674,Strip Search Cases,Carcaño v. McCrory,https://clearinghouse.net/api/v2/documents/?case=15261
5674,Strip Search Cases,Blatt v. Cabela's Retail,https://clearinghouse.net/api/v2/documents/?case=15153
5674,Strip Search Cases,G.G. [Gavin Grimm] v. Gloucester County School Board,https://clearinghouse.net/api/v2/documents/?case=14977
5674,Strip Search Cases,"Adams v. The School Board of St. Johns County, Florida",https://clearinghouse.net/api/v2/documents/?case=43948
5674,Strip Search Cases,Students and Parents for Privacy v. United States Department of Education,https://clearinghouse.net/api/v2/documents/?case=43562
5674,Strip Search Cases,Bridge v. Oklahoma State Department of Education,https://clearinghouse.net/api/v2/documents/?case=44337
5674,Strip Search Cases,"Bongo Productions, LLC v. Lawrence",https://clearinghouse.net/api/v2/documents/?case=44367
5674,Strip Search Cases,A.C. v. Metropolitan School District of Martinsville,https://clearinghouse.net/api/v2/documents/?case=43310
5674,Strip Search Cases,Board of Education of the Highland Local School District v. U.S. Department of Education,https://clearinghouse.net/api/v2/documents/?case=45140
5674,Strip Search Cases,Roe v. Critchfield,https://clearinghouse.net/api/v2/documents/?case=45141
5674,Strip Search Cases,Maday v. Township High School District 211,https://clearinghouse.net/api/v2/documents/?case=43563
5674,Strip Search Cases,Tennessee v. U.S. Department of Agriculture,https://clearinghouse.net/api/v2/documents/?case=43432
5674,Strip Search Cases,Alabama v. Cardona,https://clearinghouse.net/api/v2/documents/?case=45609
5674,Strip Search Cases,State of Louisiana v. U.S. Dept of Education,https://clearinghouse.net/api/v2/documents/?case=45610
5674,Strip Search Cases,State of Texas v. The United States of America,https://clearinghouse.net/api/v2/documents/?case=45611
5674,Strip Search Cases,State of Tennessee v. Cardona,https://clearinghouse.net/api/v2/documents/?case=45612
5674,Strip Search Cases,Oklahoma v. Cardona,https://clearinghouse.net/api/v2/documents/?case=45613
5674,Strip Search Cases,State of Arkansas v. United States Department of Education,https://clearinghouse.net/api/v2/documents/?case=45614
5674,Strip Search Cases,Carroll Independent School District v. United States Department of Education,https://clearinghouse.net/api/v2/documents/?case=45722
5674,Strip Search Cases,State of Tennessee v. Becerra,https://clearinghouse.net/api/v2/documents/?case=45688
5674,Strip Search Cases,Tennessee v. United States Department of Education,https://clearinghouse.net/api/v2/documents/?case=43433
5674,Strip Search Cases,State of Texas v. Equal Employment Opportunity Commission,https://clearinghouse.net/api/v2/documents/?case=45696
5674,Strip Search Cases,Perkins v. State,https://clearinghouse.net/api/v2/documents/?case=46366
5674,Strip Search Cases,Meadows v. Liberty High School,https://clearinghouse.net/api/v2/documents/?case=46379
5674,Strip Search Cases,Parents for Privacy v. Sessions,https://clearinghouse.net/api/v2/documents/?case=44380
5674,Strip Search Cases,Doe v. Boyertown Area School District,https://clearinghouse.net/api/v2/documents/?case=44381
5674,Strip Search Cases,Oklahoma State Department of Education v. United States of America,https://clearinghouse.net/api/v2/documents/?case=45615
5674,Strip Search Cases,Fleming v. United States,https://clearinghouse.net/api/v2/documents/?case=46868
5674,Strip Search Cases,Fairfax County School Board v. McMahon,https://clearinghouse.net/api/v2/documents/?case=46891
5674,Strip Search Cases,Doe 1 v. Mukwonago Area School District,https://clearinghouse.net/api/v2/documents/?case=46982
5674,Strip Search Cases,Madison McPherson v. Jurupa Unified School District,https://clearinghouse.net/api/v2/documents/?case=46984
5676,Strip Search Cases,Make the Road New York v. Wolf,https://clearinghouse.net/api/v2/documents/?case=18176
5676,Strip Search Cases,Vangala v. USCIS,https://clearinghouse.net/api/v2/documents/?case=17847
5676,Strip Search Cases,E.A.R.R. v. Department of Homeland Security,https://clearinghouse.net/api/v2/documents/?case=17829
5676,Strip Search Cases,Gomez v. Trump,https://clearinghouse.net/api/v2/documents/?case=17795
5676,Strip Search Cases,Mayor and City Council of Baltimore v. U.S. Department of Homeland Security,https://clearinghouse.net/api/v2/documents/?case=17412
5676,Strip Search Cases,State of California v. U.S. Department of Homeland Security,https://clearinghouse.net/api/v2/documents/?case=17410
5676,Strip Search Cases,Doe v. McAleenan,https://clearinghouse.net/api/v2/documents/?case=17356
5676,Strip Search Cases,Make the Road New York v. Pompeo,https://clearinghouse.net/api/v2/documents/?case=17353
5676,Strip Search Cases,U.T. v. Barr,https://clearinghouse.net/api/v2/documents/?case=17368
5676,Strip Search Cases,Las Americas Immigrant Advocacy Center v. Wolf,https://clearinghouse.net/api/v2/documents/?case=17345
5676,Strip Search Cases,"HIAS, Inc. v. Trump",https://clearinghouse.net/api/v2/documents/?case=17334
5676,Strip Search Cases,Doe v. Trump,https://clearinghouse.net/api/v2/documents/?case=17309
5676,Strip Search Cases,El Paso County v. Trump,https://clearinghouse.net/api/v2/documents/?case=17292
5676,Strip Search Cases,State of Washington v. U.S. Department of Homeland Security,https://clearinghouse.net/api/v2/documents/?case=17290
5676,Strip Search Cases,La Clinica de la Raza v. Trump,https://clearinghouse.net/api/v2/documents/?case=17288
5676,Strip Search Cases,State of New York v. U.S. Department of Homeland Security,https://clearinghouse.net/api/v2/documents/?case=17287
5676,Strip Search Cases,Dora v. Sessions,https://clearinghouse.net/api/v2/documents/?case=17275
5676,Strip Search Cases,"Centro Presente, Inc. v. McAleenan",https://clearinghouse.net/api/v2/documents/?case=17269
5676,Strip Search Cases,Asylum Seeker Advocacy Project v. Barr,https://clearinghouse.net/api/v2/documents/?case=17260
5676,Strip Search Cases,"Irish International Immigrant Center, Inc. v. Cuccinelli",https://clearinghouse.net/api/v2/documents/?case=17259
5676,Strip Search Cases,Capital Area Immigrants' Rights (CAIR) Coalition v. Trump; I.A. v. Barr,https://clearinghouse.net/api/v2/documents/?case=17247
5676,Strip Search Cases,Kiakombua v. McAleenan,https://clearinghouse.net/api/v2/documents/?case=17238
5676,Strip Search Cases,Ryan v. ICE,https://clearinghouse.net/api/v2/documents/?case=17202
5676,Strip Search Cases,Bhattarai v. Nielsen,https://clearinghouse.net/api/v2/documents/?case=17194
5676,Strip Search Cases,Innovation Law Lab v. Nielsen,https://clearinghouse.net/api/v2/documents/?case=17118
5676,Strip Search Cases,P.L v. U.S. Immigration and Customs Enforcement,https://clearinghouse.net/api/v2/documents/?case=17116
5676,Strip Search Cases,O.A. v. Trump,https://clearinghouse.net/api/v2/documents/?case=16997
5676,Strip Search Cases,Oregon v. Trump,https://clearinghouse.net/api/v2/documents/?case=16866
5676,Strip Search Cases,Pineda v. Trump,https://clearinghouse.net/api/v2/documents/?case=16853
5676,Strip Search Cases,City of Chicago v. Sessions III,https://clearinghouse.net/api/v2/documents/?case=16841
5676,Strip Search Cases,Ramos v. Nielsen,https://clearinghouse.net/api/v2/documents/?case=16815
5676,Strip Search Cases,State of California v. Sessions,https://clearinghouse.net/api/v2/documents/?case=16743
5676,Strip Search Cases,City and County of San Francisco v. Sessions III,https://clearinghouse.net/api/v2/documents/?case=16739
5676,Strip Search Cases,City of Los Angeles v. Sessions III,https://clearinghouse.net/api/v2/documents/?case=16737
5676,Strip Search Cases,Grace v. Sessions,https://clearinghouse.net/api/v2/documents/?case=16728
5676,Strip Search Cases,Teneng v. Trump,https://clearinghouse.net/api/v2/documents/?case=16709
5676,Strip Search Cases,N.T.C. v. U.S. Immigration and Customs Enforcement,https://clearinghouse.net/api/v2/documents/?case=16705
5676,Strip Search Cases,City of Evanston v. Sessions,https://clearinghouse.net/api/v2/documents/?case=16691
5676,Strip Search Cases,Ms. J.P. v. Sessions,https://clearinghouse.net/api/v2/documents/?case=16667
5676,Strip Search Cases,J.S.R. v. Sessions / V.F.B. v. Sessions,https://clearinghouse.net/api/v2/documents/?case=16665
5676,Strip Search Cases,S.A. v. Trump,https://clearinghouse.net/api/v2/documents/?case=16651
5676,Strip Search Cases,L.R. (Lucas R.) v. Azar,https://clearinghouse.net/api/v2/documents/?case=16645
5676,Strip Search Cases,State of Washington v. United States of America,https://clearinghouse.net/api/v2/documents/?case=16634
5676,Strip Search Cases,Ms. L. v. U.S. Immigration and Customs Enforcement,https://clearinghouse.net/api/v2/documents/?case=16620
5676,Strip Search Cases,City of West Palm Beach v. United States Attorney General,https://clearinghouse.net/api/v2/documents/?case=16514
5676,Strip Search Cases,Damus v. Nielsen,https://clearinghouse.net/api/v2/documents/?case=16498
5676,Strip Search Cases,Trinh v. Homan,https://clearinghouse.net/api/v2/documents/?case=16464
5676,Strip Search Cases,Abdi v. Duke [later Nielsen],https://clearinghouse.net/api/v2/documents/?case=16300
5676,Strip Search Cases,Trustees of Princeton University v. U.S.,https://clearinghouse.net/api/v2/documents/?case=16247
5676,Strip Search Cases,County of Santa Clara v. Trump,https://clearinghouse.net/api/v2/documents/?case=16220
5676,Strip Search Cases,Inland Empire Immigrant Youth Collective v. Duke,https://clearinghouse.net/api/v2/documents/?case=16206
5676,Strip Search Cases,Casa De Maryland v. U.S. Department of Homeland Security,https://clearinghouse.net/api/v2/documents/?case=16202
5676,Strip Search Cases,City of Los Angeles v. Sessions,https://clearinghouse.net/api/v2/documents/?case=16188
5676,Strip Search Cases,Center for Biological Diversity v. U.S. Department of Homeland Security,https://clearinghouse.net/api/v2/documents/?case=16180
5676,Strip Search Cases,People of the State of California v. United States of America,https://clearinghouse.net/api/v2/documents/?case=16178
5676,Strip Search Cases,Defenders of Wildlife v. Duke,https://clearinghouse.net/api/v2/documents/?case=16176
5676,Strip Search Cases,Sierra Club v. U.S. Department of Homeland Security,https://clearinghouse.net/api/v2/documents/?case=16174
5676,Strip Search Cases,National Association for the Advancement of Colored People v. Trump,https://clearinghouse.net/api/v2/documents/?case=16162
5676,Strip Search Cases,Garcia v. United States of America,https://clearinghouse.net/api/v2/documents/?case=16160
5676,Strip Search Cases,City of San Jose v. Trump,https://clearinghouse.net/api/v2/documents/?case=16156
5676,Strip Search Cases,Gonzalez Torres v. U.S. Department of Homeland Security,https://clearinghouse.net/api/v2/documents/?case=16152
5676,Strip Search Cases,State of California v. Department of Homeland Security,https://clearinghouse.net/api/v2/documents/?case=16144
5676,Strip Search Cases,Regents of University of California v. U.S. Department of Homeland Security,https://clearinghouse.net/api/v2/documents/?case=16132
5676,Strip Search Cases,State of New York v. Trump,https://clearinghouse.net/api/v2/documents/?case=16130
5676,Strip Search Cases,City of Philadelphia v. Sessions,https://clearinghouse.net/api/v2/documents/?case=16124
5698,Private Employment Class Actions,MadKudu Inc. v. U.S. Citizenship and Immigration Services,https://clearinghouse.net/api/v2/documents/?case=18281
5698,Private Employment Class Actions,Hendrix v. Chipotle Mexican Grill Incorporated,https://clearinghouse.net/api/v2/documents/?case=17770
5698,Private Employment Class Actions,Gilder v. Sallie Mae Bank,https://clearinghouse.net/api/v2/documents/?case=17686
5698,Private Employment Class Actions,"Juarez v. Northwestern Mutual Life Insurance Company, Inc.",https://clearinghouse.net/api/v2/documents/?case=16147
5698,Private Employment Class Actions,Lee v. Hertz Corporation,https://clearinghouse.net/api/v2/documents/?case=14921
5690,Challenges to minority benefits in Biden Administration American Rescue Plan,Carpenter v. Vilsack,https://clearinghouse.net/api/v2/documents/?case=18252
5690,Challenges to minority benefits in Biden Administration American Rescue Plan,Holman v. Vilsack,https://clearinghouse.net/api/v2/documents/?case=18251
5690,Challenges to minority benefits in Biden Administration American Rescue Plan,Rogers v. Vilsack,https://clearinghouse.net/api/v2/documents/?case=18250
5690,Challenges to minority benefits in Biden Administration American Rescue Plan,Nuest v. Vilsack,https://clearinghouse.net/api/v2/documents/?case=18249
5690,Challenges to minority benefits in Biden Administration American Rescue Plan,Joyner v. Vilsack,https://clearinghouse.net/api/v2/documents/?case=18172
5654,California Jail Population Caps,Cole v. County of Santa Clara,https://clearinghouse.net/api/v2/documents/?case=16965
5654,California Jail Population Caps,Roy v. County of Yolo,https://clearinghouse.net/api/v2/documents/?case=12354
5654,California Jail Population Caps,Ercoli v. County of Tuolumne,https://clearinghouse.net/api/v2/documents/?case=12353
5654,California Jail Population Caps,Mendoza v. County of Tulare,https://clearinghouse.net/api/v2/documents/?case=12345
5654,California Jail Population Caps,Cherco v. County of Sonoma,https://clearinghouse.net/api/v2/documents/?case=12343
5652,EEOC Study — in sample,EEOC v. SUNMET AGRIBUSINESS,https://clearinghouse.net/api/v2/documents/?case=6392
5652,EEOC Study — in sample,"EEOC v. QUALITY PORK PROCESSORS, INC.",https://clearinghouse.net/api/v2/documents/?case=6417
5652,EEOC Study — in sample,EEOC v. NEEL'S FOOD SERVICE INC (d/b/a JERRY NEEL'S BAR-B-QUE),https://clearinghouse.net/api/v2/documents/?case=6393
5652,EEOC Study — in sample,EEOC v. TRANSIT MIX CONCRETE,https://clearinghouse.net/api/v2/documents/?case=6263
5652,EEOC Study — in sample,EEOC v. ALPHA CARE HOME HEALTH INC,https://clearinghouse.net/api/v2/documents/?case=6394
5664,Post-PLRA enforceable consent decrees,Catchings v. Wilson,https://clearinghouse.net/api/v2/documents/?case=18083
5664,Post-PLRA enforceable consent decrees,Dittimus-Bey v. Taylor,https://clearinghouse.net/api/v2/documents/?case=17989
5664,Post-PLRA enforceable consent decrees,U.S. v. Hampton Roads Regional Jail Authority,https://clearinghouse.net/api/v2/documents/?case=17762
5664,Post-PLRA enforceable consent decrees,Center for Legal Advocacy v. Marshall,https://clearinghouse.net/api/v2/documents/?case=17690
5664,Post-PLRA enforceable consent decrees,Busby v. Bonner,https://clearinghouse.net/api/v2/documents/?case=17614
5675,Trump Travel Ban Challenges,Darchini v. Pompeo,https://clearinghouse.net/api/v2/documents/?case=18173
5675,Trump Travel Ban Challenges,Emami v. Nielsen,https://clearinghouse.net/api/v2/documents/?case=17045
5675,Trump Travel Ban Challenges,Pars Equality Center v. Pompeo,https://clearinghouse.net/api/v2/documents/?case=16712
5675,Trump Travel Ban Challenges,Ms. L. v. U.S. Immigration and Customs Enforcement,https://clearinghouse.net/api/v2/documents/?case=16620
5675,Trump Travel Ban Challenges,Muslim Advocates v. U.S. Department of Justice,https://clearinghouse.net/api/v2/documents/?case=16560
5672,Solitary confinement,Disability Rights Connecticut v. Connecticut Department of Correction,https://clearinghouse.net/api/v2/documents/?case=18073
5672,Solitary confinement,Mohrbacher v. Alameda County Sheriffs Office,https://clearinghouse.net/api/v2/documents/?case=17695
5672,Solitary confinement,Greenhill v. Clarke,https://clearinghouse.net/api/v2/documents/?case=17538
5672,Solitary confinement,Isby-Israel v. Wynn,https://clearinghouse.net/api/v2/documents/?case=17397
5672,Solitary confinement,Vermillion v. Levenhagen,https://clearinghouse.net/api/v2/documents/?case=17396
5669,Civil Rights Division Archival Collection,U.S. v. Clinton Municipal Separate School District,https://clearinghouse.net/api/v2/documents/?case=14821
5669,Civil Rights Division Archival Collection,Vorchheimer v. School District of Pennsylvania,https://clearinghouse.net/api/v2/documents/?case=14730
5669,Civil Rights Division Archival Collection,Reese v. Atlantic Steel Company,https://clearinghouse.net/api/v2/documents/?case=15600
5669,Civil Rights Division Archival Collection,Lee and United States of America v. Macon County School Board (M.D. Ala. cases),https://clearinghouse.net/api/v2/documents/?case=18175
5669,Civil Rights Division Archival Collection,Lee and United States of America v. Macon County School Board (S.D. Ala. cases),https://clearinghouse.net/api/v2/documents/?case=18174
11079,Deaf or Blind in Jail/Prison,Braggs v. Dunn,https://clearinghouse.net/api/v2/documents/?case=15211
11079,Deaf or Blind in Jail/Prison,Armstrong v. Newsom,https://clearinghouse.net/api/v2/documents/?case=572
11079,Deaf or Blind in Jail/Prison,Hernandez v. County of Monterey,https://clearinghouse.net/api/v2/documents/?case=13198
11079,Deaf or Blind in Jail/Prison,Siaki v. Darr,https://clearinghouse.net/api/v2/documents/?case=17000
11079,Deaf or Blind in Jail/Prison,Montez v. Owens,https://clearinghouse.net/api/v2/documents/?case=10883
5682,Selma and Early Civil Rights Enforcement,White v. Crook,https://clearinghouse.net/api/v2/documents/?case=16564
5682,Selma and Early Civil Rights Enforcement,Alabama v. Allen,https://clearinghouse.net/api/v2/documents/?case=16548
5682,Selma and Early Civil Rights Enforcement,Dallas County v. Student Non-Violent Coordinating Committee,https://clearinghouse.net/api/v2/documents/?case=16546
5682,Selma and Early Civil Rights Enforcement,Liuzzo v. United States,https://clearinghouse.net/api/v2/documents/?case=16532
5682,Selma and Early Civil Rights Enforcement,Williams v. Wallace,https://clearinghouse.net/api/v2/documents/?case=16530
11087,Attica Uprising Litigation,United States ex rel. Walker v. Mancusi,https://clearinghouse.net/api/v2/documents/?case=43283
11087,Attica Uprising Litigation,Inmates of Attica Correctional Facility v. Rockefeller,https://clearinghouse.net/api/v2/documents/?case=15208
11087,Attica Uprising Litigation,Abdul Wali v. Coughlin,https://clearinghouse.net/api/v2/documents/?case=869
11087,Attica Uprising Litigation,Al-Jundi v. Mancusi,https://clearinghouse.net/api/v2/documents/?case=15001
11087,Attica Uprising Litigation,In the Matter of the Application of Hugh Carey [Attica Grand Jury Materials],https://clearinghouse.net/api/v2/documents/?case=13661
5680,Trump Administration FOIA cases,Campaign Legal Center v. DOJ,https://clearinghouse.net/api/v2/documents/?case=17755
5680,Trump Administration FOIA cases,Arab American Institute v. Office of Management and Budget,https://clearinghouse.net/api/v2/documents/?case=17754
5680,Trump Administration FOIA cases,N.Y. Times Co. v. U.S. Department of Treasury,https://clearinghouse.net/api/v2/documents/?case=17129
5680,Trump Administration FOIA cases,"Judicial Watch, Inc. v. United States DOJ",https://clearinghouse.net/api/v2/documents/?case=17126
5680,Trump Administration FOIA cases,N.Y. Times Co. v. United States DOJ,https://clearinghouse.net/api/v2/documents/?case=16994
5700,Post-WalMart decisions on class certification,Rodriguez v. Hayes,https://clearinghouse.net/api/v2/documents/?case=12492
5700,Post-WalMart decisions on class certification,Diaz v. Hott,https://clearinghouse.net/api/v2/documents/?case=17971
5700,Post-WalMart decisions on class certification,Augusto v. Moniz,https://clearinghouse.net/api/v2/documents/?case=17832
5700,Post-WalMart decisions on class certification,P.J.E.S v. Wolf,https://clearinghouse.net/api/v2/documents/?case=17771
5700,Post-WalMart decisions on class certification,Hunters Capital v. Seattle,https://clearinghouse.net/api/v2/documents/?case=17764
5671,DOJ Civil Rights Division Statements of Interest,Smith v. Department of Public Welfare of the Commonwealth of Pennsylvania,https://clearinghouse.net/api/v2/documents/?case=15944
5671,DOJ Civil Rights Division Statements of Interest,Disability Rights Mississippi v. Mississippi Children's Home Services,https://clearinghouse.net/api/v2/documents/?case=15939
5671,DOJ Civil Rights Division Statements of Interest,"Sonnenberg v. Disability Rights Idaho, Inc.",https://clearinghouse.net/api/v2/documents/?case=15927
5671,DOJ Civil Rights Division Statements of Interest,Thomas v. Kent,https://clearinghouse.net/api/v2/documents/?case=15921
5671,DOJ Civil Rights Division Statements of Interest,"Alabama Disabilities Advocacy Program v. SafetyNet Youth, Inc.",https://clearinghouse.net/api/v2/documents/?case=15919
5686,COVID-19 (novel coronavirus),Dr. A v. Hochul,https://clearinghouse.net/api/v2/documents/?case=18616
5686,COVID-19 (novel coronavirus),Florida v. Department of Health and Human Services,https://clearinghouse.net/api/v2/documents/?case=18609
5686,COVID-19 (novel coronavirus),Kentucky v. Biden,https://clearinghouse.net/api/v2/documents/?case=18608
5686,COVID-19 (novel coronavirus),Missouri v. Biden,https://clearinghouse.net/api/v2/documents/?case=18605
5686,COVID-19 (novel coronavirus),Louisiana v. Becerra,https://clearinghouse.net/api/v2/documents/?case=18611
5670,California's Prisoners' Rights Bar article,Cole v. County of Santa Clara,https://clearinghouse.net/api/v2/documents/?case=16965
5670,California's Prisoners' Rights Bar article,Estate of Prasad v. County of Sutter,https://clearinghouse.net/api/v2/documents/?case=14785
5670,California's Prisoners' Rights Bar article,Bock v. County of Sutter,https://clearinghouse.net/api/v2/documents/?case=14783
5670,California's Prisoners' Rights Bar article,Parenti v. County of Monterey,https://clearinghouse.net/api/v2/documents/?case=14526
5670,California's Prisoners' Rights Bar article,Estate of Claypole v. County of San Mateo,https://clearinghouse.net/api/v2/documents/?case=14524
5673,Stop-and-Frisk (NY),Ligon v. City of New York,https://clearinghouse.net/api/v2/documents/?case=12496
5673,Stop-and-Frisk (NY),Davis v. City of New York,https://clearinghouse.net/api/v2/documents/?case=12494
5673,Stop-and-Frisk (NY),Belle v. New York,https://clearinghouse.net/api/v2/documents/?case=17819
5673,Stop-and-Frisk (NY),Lino v. City of New York,https://clearinghouse.net/api/v2/documents/?case=13221
5673,Stop-and-Frisk (NY),Blair v. City of New York,https://clearinghouse.net/api/v2/documents/?case=13170
5657,Court-ordered receiverships,"Judge Rotenberg Educational Center, Inc. v. Commissioner of the Department of Mental Retardation",https://clearinghouse.net/api/v2/documents/?case=12244
5657,Court-ordered receiverships,Turner v. Goolsby,https://clearinghouse.net/api/v2/documents/?case=12242
5657,Court-ordered receiverships,Morgan v. Hennigan [Boston School Desegregation Case],https://clearinghouse.net/api/v2/documents/?case=12240
5657,Court-ordered receiverships,Velez v. Cisneros,https://clearinghouse.net/api/v2/documents/?case=12229
5657,Court-ordered receiverships,Wayne County Jail Inmates v. Wayne County Sheriff,https://clearinghouse.net/api/v2/documents/?case=11101
5681,Criminal cases challenging FISA surveillance,United States v. Daher,https://clearinghouse.net/api/v2/documents/?case=18080
5681,Criminal cases challenging FISA surveillance,United States v. Gartenlaub,https://clearinghouse.net/api/v2/documents/?case=17127
5681,Criminal cases challenging FISA surveillance,United States v. Mohammad,https://clearinghouse.net/api/v2/documents/?case=15775
5681,Criminal cases challenging FISA surveillance,United States v. Aws Mohammed Younis Al-Jayab,https://clearinghouse.net/api/v2/documents/?case=15323
5681,Criminal cases challenging FISA surveillance,United States v. Hasbajrami,https://clearinghouse.net/api/v2/documents/?case=14428
5653,Contraception Insurance Mandate,California v. Health and Human Services,https://clearinghouse.net/api/v2/documents/?case=17089
5653,Contraception Insurance Mandate,State of Washington v. Trump,https://clearinghouse.net/api/v2/documents/?case=16218
5653,Contraception Insurance Mandate,Persico v. Sebelius,https://clearinghouse.net/api/v2/documents/?case=15450
5653,Contraception Insurance Mandate,Belmont Abbey College v. Sebelius [II],https://clearinghouse.net/api/v2/documents/?case=15155
5653,Contraception Insurance Mandate,Priests for Life v. Sebelius,https://clearinghouse.net/api/v2/documents/?case=14373
5696,IWPR/Wage Project Consent Decree Study,EEOC v. OCS GROUP INC,https://clearinghouse.net/api/v2/documents/?case=8979
5696,IWPR/Wage Project Consent Decree Study,EEOC v. Regal-Beloit Corporation,https://clearinghouse.net/api/v2/documents/?case=9066
5696,IWPR/Wage Project Consent Decree Study,EEOC v. MORGAN STANLEY,https://clearinghouse.net/api/v2/documents/?case=9061
5696,IWPR/Wage Project Consent Decree Study,EEOC v. WHOLESALE ELECTRIC SUPPLY COMPANY OF HOUSTON,https://clearinghouse.net/api/v2/documents/?case=9057
5696,IWPR/Wage Project Consent Decree Study,"EEOC v. Golden Gate Meat Company, Inc.",https://clearinghouse.net/api/v2/documents/?case=9050
5658,Occupy,Baker v. Katehi,https://clearinghouse.net/api/v2/documents/?case=12478
5658,Occupy,Angell v. Oakland,https://clearinghouse.net/api/v2/documents/?case=17725
5658,Occupy,Elliot v. City of New York,https://clearinghouse.net/api/v2/documents/?case=14787
5658,Occupy,Crisp v. City of New York,https://clearinghouse.net/api/v2/documents/?case=13710
5658,Occupy,Lawler v. City of New York,https://clearinghouse.net/api/v2/documents/?case=13708
5701,Martin Sostre cases,Sostre v. Preiser,https://clearinghouse.net/api/v2/documents/?case=17404
5701,Martin Sostre cases,Sostre v. McGinnis,https://clearinghouse.net/api/v2/documents/?case=17405
5701,Martin Sostre cases,Sostre v. Rockefeller,https://clearinghouse.net/api/v2/documents/?case=17407
5701,Martin Sostre cases,Sostre v. Otis,https://clearinghouse.net/api/v2/documents/?case=43340
5701,Martin Sostre cases,Pierce v. LaVallee,https://clearinghouse.net/api/v2/documents/?case=43339
5668,Fines/Fees/Bail Reform (Criminalization of Poverty),Florida v. Cummings,https://clearinghouse.net/api/v2/documents/?case=18599
5668,Fines/Fees/Bail Reform (Criminalization of Poverty),Commonwealth v. Smetana,https://clearinghouse.net/api/v2/documents/?case=18592
5668,Fines/Fees/Bail Reform (Criminalization of Poverty),Thompson v. Florida,https://clearinghouse.net/api/v2/documents/?case=18591
5668,Fines/Fees/Bail Reform (Criminalization of Poverty),People v. Hakes,https://clearinghouse.net/api/v2/documents/?case=18590
5668,Fines/Fees/Bail Reform (Criminalization of Poverty),Mueller v. State,https://clearinghouse.net/api/v2/documents/?case=18589
5685,Flint Water Cases,Mays v. Snyder,https://clearinghouse.net/api/v2/documents/?case=17418
5685,Flint Water Cases,Nappier v. Snyder,https://clearinghouse.net/api/v2/documents/?case=17325
5685,Flint Water Cases,Guertin v. State of Michigan,https://clearinghouse.net/api/v2/documents/?case=17188
5685,Flint Water Cases,Mason v. Lockwood,https://clearinghouse.net/api/v2/documents/?case=17186
5685,Flint Water Cases,Boler v. Governor,https://clearinghouse.net/api/v2/documents/?case=17184
5659,Foreign Intelligence Surveillance Act -- All Matters,"[Redacted Caption] Gov't Ex Parte Submission of Reauthorization Certifications & Related Procedures, Ex Parte Submission of Amended Certifications & Request for an Order Approving Such Certifications & Amended Certifications (Nov. 2020) (702, Boasberg J.)",https://clearinghouse.net/api/v2/documents/?case=18126
5659,Foreign Intelligence Surveillance Act -- All Matters,United States v. Daher,https://clearinghouse.net/api/v2/documents/?case=18080
5659,Foreign Intelligence Surveillance Act -- All Matters,James Madison Project v. U.S. Department of Justice,https://clearinghouse.net/api/v2/documents/?case=17976
5659,Foreign Intelligence Surveillance Act -- All Matters,"[Redacted Caption] Gov't Ex Parte Submission of Reauthorization Certifications & Related Procedures, Ex Parte Submission of Amended Certifications & Request for an Order Approving Such Certifications & Amended Certifications (Dec. 2019) (702, Boasberg J.)",https://clearinghouse.net/api/v2/documents/?case=17964
5659,Foreign Intelligence Surveillance Act -- All Matters,Page v. Comey,https://clearinghouse.net/api/v2/documents/?case=17963
5663,"Foreign Intelligence Surveillance Act—Foreign Targeting (702, 703, 704)","[Redacted Caption] Gov't Ex Parte Submission of Reauthorization Certifications & Related Procedures, Ex Parte Submission of Amended Certifications & Request for an Order Approving Such Certifications & Amended Certifications (Nov. 2020) (702, Boasberg J.)",https://clearinghouse.net/api/v2/documents/?case=18126
5663,"Foreign Intelligence Surveillance Act—Foreign Targeting (702, 703, 704)","[Redacted Caption] Gov't Ex Parte Submission of Reauthorization Certifications & Related Procedures, Ex Parte Submission of Amended Certifications & Request for an Order Approving Such Certifications & Amended Certifications (Dec. 2019) (702, Boasberg J.)",https://clearinghouse.net/api/v2/documents/?case=17964
5663,"Foreign Intelligence Surveillance Act—Foreign Targeting (702, 703, 704)",Semiannual Assessment of Compliance with Procedures and Guidelines Issued Pursuant to Section 702 of the Foreign Intelligence Surveillance Act (March 2019) (702),https://clearinghouse.net/api/v2/documents/?case=17394
5663,"Foreign Intelligence Surveillance Act—Foreign Targeting (702, 703, 704)","[Caption Redacted] DNI/AG 702(h) Cerifications 2018 (July 2019) (702, Cabranes, J.; Tallman, J.; Sentelle, J.)",https://clearinghouse.net/api/v2/documents/?case=17386
5663,"Foreign Intelligence Surveillance Act—Foreign Targeting (702, 703, 704)","[Caption Redacted] Government's Ex Parte Submission of [Redacted] and Related Procedures and Request for an Order Approving [Redacted] and Procedures (November 2013) (702, Walton, J.)",https://clearinghouse.net/api/v2/documents/?case=16140
5661,Foreign Intelligence Surveillance Act—Internet Metadata,The New York Times Company v. United States Department of Justice,https://clearinghouse.net/api/v2/documents/?case=17826
5661,Foreign Intelligence Surveillance Act—Internet Metadata,"[Caption Redacted] DNI/AG 702(h) Cerifications 2018 (July 2019) (702, Cabranes, J.; Tallman, J.; Sentelle, J.)",https://clearinghouse.net/api/v2/documents/?case=17386
5661,Foreign Intelligence Surveillance Act—Internet Metadata,"In re Carter W. Page: A U.S. Person [FISA dockets 16-1182, 17-52, 17-375, 17-679]",https://clearinghouse.net/api/v2/documents/?case=17114
5661,Foreign Intelligence Surveillance Act—Internet Metadata,In re Opinions and Orders of this Court Containing Novel or Significant Interpretations of Law [FISA Docket Misc. 16-01; FISCR Docket Misc. 20-02],https://clearinghouse.net/api/v2/documents/?case=16012
5661,Foreign Intelligence Surveillance Act—Internet Metadata,Schuchardt v. Obama,https://clearinghouse.net/api/v2/documents/?case=14698
5660,Foreign Intelligence Surveillance Act -- Telephony Metadata,In re Application of the Federal Bureau of Investigation for Orders Requiring the Production of Call Detail Records,https://clearinghouse.net/api/v2/documents/?case=17827
5660,Foreign Intelligence Surveillance Act -- Telephony Metadata,"In re [redacted], a U.S. Person",https://clearinghouse.net/api/v2/documents/?case=17811
5660,Foreign Intelligence Surveillance Act -- Telephony Metadata,"[Caption Redacted] DNI/AG 702(h) Cerifications 2018 (July 2019) (702, Cabranes, J.; Tallman, J.; Sentelle, J.)",https://clearinghouse.net/api/v2/documents/?case=17386
5660,Foreign Intelligence Surveillance Act -- Telephony Metadata,"In re Carter W. Page: A U.S. Person [FISA dockets 16-1182, 17-52, 17-375, 17-679]",https://clearinghouse.net/api/v2/documents/?case=17114
5660,Foreign Intelligence Surveillance Act -- Telephony Metadata,In re Opinions and Orders of this Court Containing Novel or Significant Interpretations of Law [FISA Docket Misc. 16-01; FISCR Docket Misc. 20-02],https://clearinghouse.net/api/v2/documents/?case=16012
5662,Foreign Intelligence Surveillance Court,"[Redacted Caption] Gov't Ex Parte Submission of Reauthorization Certifications & Related Procedures, Ex Parte Submission of Amended Certifications & Request for an Order Approving Such Certifications & Amended Certifications (Nov. 2020) (702, Boasberg J.)",https://clearinghouse.net/api/v2/documents/?case=18126
5662,Foreign Intelligence Surveillance Court,United States v. Daher,https://clearinghouse.net/api/v2/documents/?case=18080
5662,Foreign Intelligence Surveillance Court,"[Redacted Caption] Gov't Ex Parte Submission of Reauthorization Certifications & Related Procedures, Ex Parte Submission of Amended Certifications & Request for an Order Approving Such Certifications & Amended Certifications (Dec. 2019) (702, Boasberg J.)",https://clearinghouse.net/api/v2/documents/?case=17964
5662,Foreign Intelligence Surveillance Court,"In re [Redacted], Non-U.S. Persons",https://clearinghouse.net/api/v2/documents/?case=17961
5662,Foreign Intelligence Surveillance Court,In re Application of the Federal Bureau of Investigation for Orders Requiring the Production of Call Detail Records,https://clearinghouse.net/api/v2/documents/?case=17827
5689,Healthy Elections COVID litigation tracker,Common Cause Indiana v. Lawson,https://clearinghouse.net/api/v2/documents/?case=18104
5689,Healthy Elections COVID litigation tracker,Wisconsin Legislature v. Evers,https://clearinghouse.net/api/v2/documents/?case=18071
5689,Healthy Elections COVID litigation tracker,Taylor v. Milwaukee Elections Commission,https://clearinghouse.net/api/v2/documents/?case=18070
5689,Healthy Elections COVID litigation tracker,Swenson v. Bostelmann,https://clearinghouse.net/api/v2/documents/?case=18069
5689,Healthy Elections COVID litigation tracker,Jefferson v. Dane County,https://clearinghouse.net/api/v2/documents/?case=18068
33558,Hepatitis C Treatment in Jails and Prisons,Aragon v. Raemisch,https://clearinghouse.net/api/v2/documents/?case=16013
33558,Hepatitis C Treatment in Jails and Prisons,Postawko v. Missouri Department of Corrections,https://clearinghouse.net/api/v2/documents/?case=15879
33558,Hepatitis C Treatment in Jails and Prisons,Hoffer v. Inch,https://clearinghouse.net/api/v2/documents/?case=15783
33558,Hepatitis C Treatment in Jails and Prisons,"Brash v. Wexford Health Source, Inc.",https://clearinghouse.net/api/v2/documents/?case=10578
33558,Hepatitis C Treatment in Jails and Prisons,Woodcock v. Correct Care Solutions,https://clearinghouse.net/api/v2/documents/?case=18160
5684,Immigrant Detention Labor Issues,"Gonzalez v. CoreCivic, Inc.",https://clearinghouse.net/api/v2/documents/?case=17385
5684,Immigrant Detention Labor Issues,"Owino v. CoreCivic, Inc.",https://clearinghouse.net/api/v2/documents/?case=17271
5684,Immigrant Detention Labor Issues,Ndambi v. CoreCivic,https://clearinghouse.net/api/v2/documents/?case=17105
5684,Immigrant Detention Labor Issues,Novoa v. GEO Group,https://clearinghouse.net/api/v2/documents/?case=17099
5684,Immigrant Detention Labor Issues,Barrientos v. CoreCivic Inc.,https://clearinghouse.net/api/v2/documents/?case=16613
11093,Law Firm Antiracism Alliance (LFAA) project,Stringer v. Cascos,https://clearinghouse.net/api/v2/documents/?case=43825
11093,Law Firm Antiracism Alliance (LFAA) project,Byam v. Pennsylvania Works,https://clearinghouse.net/api/v2/documents/?case=44539
11093,Law Firm Antiracism Alliance (LFAA) project,Committee For A Fair And Balanced Map v. Illinois State Board of Elections,https://clearinghouse.net/api/v2/documents/?case=43379
11093,Law Firm Antiracism Alliance (LFAA) project,United States of America v. Oneida County Board of Election,https://clearinghouse.net/api/v2/documents/?case=44599
11093,Law Firm Antiracism Alliance (LFAA) project,Libertarian Party of Ohio v. Brunner,https://clearinghouse.net/api/v2/documents/?case=43737
5688,Litigation Against Federal Police (2020),Wolfe v. Portland,https://clearinghouse.net/api/v2/documents/?case=17831
5688,Litigation Against Federal Police (2020),Portland v. Barr,https://clearinghouse.net/api/v2/documents/?case=17818
5688,Litigation Against Federal Police (2020),Pettibone v. Trump,https://clearinghouse.net/api/v2/documents/?case=17802
5688,Litigation Against Federal Police (2020),Wise v. Portland,https://clearinghouse.net/api/v2/documents/?case=17729
5688,Litigation Against Federal Police (2020),Black Lives Matter v. Wolf,https://clearinghouse.net/api/v2/documents/?case=17728
5699,Olmstead Cases,Hampe v. Hamos,https://clearinghouse.net/api/v2/documents/?case=12558
5699,Olmstead Cases,Pitts v. Greenstein,https://clearinghouse.net/api/v2/documents/?case=12541
5699,Olmstead Cases,Rodde v. Bonta,https://clearinghouse.net/api/v2/documents/?case=12524
5699,Olmstead Cases,Jones v. Arnold,https://clearinghouse.net/api/v2/documents/?case=12527
5699,Olmstead Cases,Napper v. County of Sacramento,https://clearinghouse.net/api/v2/documents/?case=12502
5677,Planned Parenthood Litigation,"Planned Parenthood Gulf Coast, Inc. v. Kliebert",https://clearinghouse.net/api/v2/documents/?case=15670
5677,Planned Parenthood Litigation,Planned Parenthood Arizona Inc. v. Betlach,https://clearinghouse.net/api/v2/documents/?case=15668
5677,Planned Parenthood Litigation,Planned Parenthood of Arkansas & Eastern Oklahoma Inc. v. Gillespie,https://clearinghouse.net/api/v2/documents/?case=15666
5677,Planned Parenthood Litigation,"Planned Parenthood Southeast, Inc. v. Bentley",https://clearinghouse.net/api/v2/documents/?case=15665
5677,Planned Parenthood Litigation,Planned Parenthood Association of Utah v. Herbert,https://clearinghouse.net/api/v2/documents/?case=15664
5687,Police Violence Protests,Rulli v. Pittsburgh,https://clearinghouse.net/api/v2/documents/?case=18129
5687,Police Violence Protests,Hall v. Warren,https://clearinghouse.net/api/v2/documents/?case=18103
5687,Police Violence Protests,NAACP v. San Jose,https://clearinghouse.net/api/v2/documents/?case=18100
5687,Police Violence Protests,Alsaada v. City of Columbus,https://clearinghouse.net/api/v2/documents/?case=18095
5687,Police Violence Protests,Sow v. City of New York,https://clearinghouse.net/api/v2/documents/?case=18094
5665,Post-PLRA Jail and Prison Private Settlement Agreements,Center for Legal Advocacy v. Marshall,https://clearinghouse.net/api/v2/documents/?case=17690
5665,Post-PLRA Jail and Prison Private Settlement Agreements,Disability Rights Washington v. Inslee,https://clearinghouse.net/api/v2/documents/?case=17336
5665,Post-PLRA Jail and Prison Private Settlement Agreements,Abrahamson v. Corrections Corporation of America,https://clearinghouse.net/api/v2/documents/?case=16983
5665,Post-PLRA Jail and Prison Private Settlement Agreements,Hall v. County of Milwaukee,https://clearinghouse.net/api/v2/documents/?case=16238
5665,Post-PLRA Jail and Prison Private Settlement Agreements,Aragon v. Raemisch,https://clearinghouse.net/api/v2/documents/?case=16013
5655,Prison Legal News,Prison Legal News v. Poor,https://clearinghouse.net/api/v2/documents/?case=12498
5655,Prison Legal News,Human Rights Defense Center v. Winn,https://clearinghouse.net/api/v2/documents/?case=17350
5655,Prison Legal News,Goodman v. Davis,https://clearinghouse.net/api/v2/documents/?case=17242
5655,Prison Legal News,Prison Legal News v. Sullivan County,https://clearinghouse.net/api/v2/documents/?case=16988
5655,Prison Legal News,Prison Legal News v. Florida Department of Corrections,https://clearinghouse.net/api/v2/documents/?case=16594
5702,Same-Sex Marriage,Smelt v. United States,https://clearinghouse.net/api/v2/documents/?case=12557
5702,Same-Sex Marriage,Smelt v. County of Orange,https://clearinghouse.net/api/v2/documents/?case=12555
5702,Same-Sex Marriage,New Yorkers for Constitutional Freedoms v. New York State Senate,https://clearinghouse.net/api/v2/documents/?case=12520
5702,Same-Sex Marriage,Citizens for Equal Protection v. Bruning,https://clearinghouse.net/api/v2/documents/?case=12511
5702,Same-Sex Marriage,Wilson v. Ake,https://clearinghouse.net/api/v2/documents/?case=12475
5683,"Title IX, Sexual Violence Investigations/Resolutions",The Women's Student Union v. U.S. Dep't of Education,https://clearinghouse.net/api/v2/documents/?case=18144
5683,"Title IX, Sexual Violence Investigations/Resolutions",Know Your IX v. Devos,https://clearinghouse.net/api/v2/documents/?case=17564
5683,"Title IX, Sexual Violence Investigations/Resolutions",Rapuano v. Trustees of Dartmouth College,https://clearinghouse.net/api/v2/documents/?case=16984
5683,"Title IX, Sexual Violence Investigations/Resolutions",Department of Education OCR Title IX Investigation of University of California at Berkeley,https://clearinghouse.net/api/v2/documents/?case=16938
5683,"Title IX, Sexual Violence Investigations/Resolutions",Department of Education OCR Title IX Investigation of Massachusetts Maritime Academy,https://clearinghouse.net/api/v2/documents/?case=16936
38189,Featured Historical Cases,Liddell v. Board of Education for the City of St. Louis,https://clearinghouse.net/api/v2/documents/?case=10877
38189,Featured Historical Cases,Brown v. Board of Education of Topeka,https://clearinghouse.net/api/v2/documents/?case=5479
38189,Featured Historical Cases,Gautreaux v. Chicago Housing Authority,https://clearinghouse.net/api/v2/documents/?case=11085
38189,Featured Historical Cases,"Gautreaux v. HUD [Weaver,  Romney, Hills, etc.]",https://clearinghouse.net/api/v2/documents/?case=43327
38189,Featured Historical Cases,Milliken v. Bradley,https://clearinghouse.net/api/v2/documents/?case=11076
